"Probability","Label"
0.437345614545752,"Yes"
0.322033891732459,"No"
0.0396055214361746,"No"
0.00979075887649024,"No"
0.0816333867848692,"No"
0.944754318346961,"Yes"
0.011265233520826,"No"
0.56936967290215,"Yes"
0.103778453137499,"No"
0.0173071822632991,"No"
0.951404102662287,"Yes"
0.994370413589141,"Yes"
0.0228362288642432,"No"
0.0557413484787377,"No"
0.736931278079448,"Yes"
0.499246903242105,"Yes"
0.949843526528034,"Yes"
0.0443003788400479,"No"
0.039154261526604,"No"
0.982054260684729,"Yes"
0.0173046524195094,"No"
0.0546192797400147,"No"
0.0324523250559699,"No"
0.0320047508468086,"No"
0.0144013803529381,"No"
0.944770054668515,"Yes"
0.0288547688533543,"No"
0.0138776585017096,"No"
0.087546749926805,"No"
0.621057813820931,"Yes"
0.00745162521586694,"No"
0.640792767241848,"Yes"
0.0332350283855987,"No"
0.931409471751365,"Yes"
0.432220198226726,"Yes"
0.110632191839783,"No"
0.00839736679087896,"No"
0.0378555781084794,"No"
0.988680476392627,"Yes"
0.188603612851253,"No"
0.85197952006777,"Yes"
0.0852336348854218,"No"
0.00969313056922186,"No"
0.00776344536030178,"No"
0.00882885959060181,"No"
0.0198225310549706,"No"
0.939927344486488,"Yes"
0.00821094287779097,"No"
0.748457227328371,"Yes"
0.0164857004852163,"No"
0.0210321872558831,"No"
0.0413356464727949,"No"
0.0222588658706302,"No"
0.32435383405666,"No"
0.0083751572220234,"No"
0.108182592759602,"No"
0.368354774111088,"No"
0.0319492523504418,"No"
0.551877992654855,"Yes"
0.0339852433435802,"No"
0.0141885199343842,"No"
0.735211862795121,"Yes"
0.0538324512808387,"No"
0.11715990338005,"No"
0.0137900573822117,"No"
0.97969325249045,"Yes"
0.863953966558762,"Yes"
0.0103880066134499,"No"
0.015511656662616,"No"
0.0880637786407488,"No"
0.00695453860534542,"No"
0.0120619624520051,"No"
0.0714245368964763,"No"
0.790455260758618,"Yes"
0.00602926550567249,"No"
0.990669860616174,"Yes"
0.0217534880430586,"No"
0.963370668822565,"Yes"
0.0239586409451743,"No"
0.0155777273431376,"No"
0.00937166172119634,"No"
0.975847104738549,"Yes"
0.00655784473065784,"No"
0.975945077658559,"Yes"
0.95612382426639,"Yes"
0.98274206507987,"Yes"
0.741635109473655,"Yes"
0.742624220384189,"Yes"
0.0163479957023586,"No"
0.198583465347617,"No"
0.0142808996389044,"No"
0.422106679246595,"No"
0.11397243458105,"No"
0.237600145414557,"No"
0.017138657287786,"No"
0.00892026086153471,"No"
0.00963077282331665,"No"
0.162673154272737,"No"
0.958381796571004,"Yes"
0.0109254973770711,"No"
0.127107626523287,"No"
0.0595221377488285,"No"
0.0929199121187196,"No"
0.987006960303663,"Yes"
0.153404565396764,"No"
0.280121874446166,"No"
0.0213032388681144,"No"
0.0314529365618325,"No"
0.00891613918251236,"No"
0.00684896248208747,"No"
0.907866318029031,"Yes"
0.991042188687446,"Yes"
0.982606263572396,"Yes"
0.0141101814129976,"No"
0.0532524443862195,"No"
0.989489994260492,"Yes"
0.0103280328421076,"No"
0.0152759615476717,"No"
0.02842756679887,"No"
0.0793966001689231,"No"
0.0234577631621408,"No"
0.101131971594741,"No"
0.0392263706264079,"No"
0.92963032713785,"Yes"
0.0690413569909766,"No"
0.117300383447679,"No"
0.0210501199904925,"No"
0.0102063138515036,"No"
0.663626177586904,"Yes"
0.0182540391965057,"No"
0.0747021542767011,"No"
0.908993694875057,"Yes"
0.567722694625136,"Yes"
0.909268112924692,"Yes"
0.00631540783038556,"No"
0.761164641723123,"Yes"
0.0510426911582947,"No"
0.0946196076552391,"No"
0.9463527687253,"Yes"
0.909182630547714,"Yes"
0.491697945629062,"Yes"
0.0131545354381648,"No"
0.0103779509059143,"No"
0.0454819616647839,"No"
0.120608253757226,"No"
0.494384647210038,"Yes"
0.0731342566111153,"No"
0.0928631538310753,"No"
0.863645687072927,"Yes"
0.892258171207804,"Yes"
0.0151390072068213,"No"
0.0148857880220142,"No"
0.00992561314127868,"No"
0.062145525613222,"No"
0.0140100373381215,"No"
0.950881200048584,"Yes"
0.12227638745107,"No"
0.0188811097511082,"No"
0.0240875727215356,"No"
0.0109578884828919,"No"
0.0380877149047227,"No"
0.658414083684106,"Yes"
0.0104631893809995,"No"
0.97865711785544,"Yes"
0.0122136069681867,"No"
0.897925108044723,"Yes"
0.0179933226299688,"No"
0.114989965146672,"No"
0.483422990725115,"Yes"
0.214816765191475,"No"
0.18653515672565,"No"
0.153004639714317,"No"
0.980702661085569,"Yes"
0.579842104682869,"Yes"
0.0234115539328001,"No"
0.0472582397816254,"No"
0.263215495114723,"No"
0.00444215042051461,"No"
0.0141633737115435,"No"
0.408430477355771,"No"
0.00905961653766389,"No"
0.870621604318277,"Yes"
0.00844679791879053,"No"
0.00809824905994961,"No"
0.260870322160793,"No"
0.00807925364861659,"No"
0.988433035220753,"Yes"
0.0134624412247727,"No"
0.955236708447907,"Yes"
0.0092877321063465,"No"
0.00931345088127427,"No"
0.0277690435772784,"No"
0.982221929591858,"Yes"
0.0609602548525917,"No"
0.0856160291018914,"No"
0.00827295886375789,"No"
0.030731585650795,"No"
0.0157649321624382,"No"
0.906122304214256,"Yes"
0.436360306025316,"Yes"
0.993320994416145,"Yes"
0.00504821961605195,"No"
0.0113475929858652,"No"
0.033777985730423,"No"
0.766124004037803,"Yes"
0.965471618485876,"Yes"
0.00719010394550791,"No"
0.967032967984936,"Yes"
0.311625211314038,"No"
0.986983950062044,"Yes"
0.0193187003023459,"No"
0.0131401616759779,"No"
0.0433705232843116,"No"
0.934480796980653,"Yes"
0.00715850753770944,"No"
0.495862772931477,"Yes"
0.0931850515034521,"No"
0.0111535624210606,"No"
0.0294975087053373,"No"
0.00730755367411812,"No"
0.9649385491675,"Yes"
0.525266218532826,"Yes"
0.036978392415978,"No"
0.0629016844020795,"No"
0.38692736265135,"No"
0.0146415345502737,"No"
0.0929653011815621,"No"
0.0143521414133487,"No"
0.0837105749489683,"No"
0.349860957389794,"No"
0.0139189202108394,"No"
0.0157569037099955,"No"
0.0698630773845553,"No"
0.014731400316765,"No"
0.0104285476006455,"No"
0.122707963443662,"No"
0.18514328485672,"No"
0.808030333503497,"Yes"
0.925049281197256,"Yes"
0.926674698084835,"Yes"
0.892415422195587,"Yes"
0.0208856016685768,"No"
0.978931853076027,"Yes"
0.00707237676370698,"No"
0.0054006209180824,"No"
0.0582215042816912,"No"
0.443612421369824,"Yes"
0.858801587530461,"Yes"
0.896907415345422,"Yes"
0.086865307634889,"No"
0.587534087102202,"Yes"
0.0508355919896993,"No"
0.0187189424301481,"No"
0.0105231653420369,"No"
0.765427717765638,"Yes"
0.151088817680111,"No"
0.360776519153943,"No"
0.0888155002135821,"No"
0.0105652525450369,"No"
0.0117273876000906,"No"
0.0384554965073338,"No"
0.108538376107541,"No"
0.0205674318254685,"No"
0.991492054067642,"Yes"
0.19666895223073,"No"
0.963439363341726,"Yes"
0.0179823997205517,"No"
0.95420733674318,"Yes"
0.882608357719203,"Yes"
0.031580917110002,"No"
0.248172420135925,"No"
0.317296826334997,"No"
0.00891223860185569,"No"
0.0757813069877182,"No"
0.0148692211125403,"No"
0.0104508871137754,"No"
0.0149051739310306,"No"
0.619497218160828,"Yes"
0.926871914652258,"Yes"
0.473815770577608,"Yes"
0.182813710611718,"No"
0.164772658407911,"No"
0.822979009031866,"Yes"
0.00877109851324291,"No"
0.205922748044981,"No"
0.733984779982228,"Yes"
0.0166636115171163,"No"
0.977395471283041,"Yes"
0.839422092139242,"Yes"
0.00813301628348834,"No"
0.0919206531711892,"No"
0.0507089124568105,"No"
0.657020289238097,"Yes"
0.0292257087321465,"No"
0.683472180082351,"Yes"
0.00775825373064285,"No"
0.0408947459807389,"No"
0.306116088268978,"No"
0.0147955187285914,"No"
0.0204848852008442,"No"
0.00715845444976715,"No"
0.833926598438881,"Yes"
0.987139658011483,"Yes"
0.990400002657711,"Yes"
0.0518754434625706,"No"
0.395080769835764,"No"
0.0140680093053544,"No"
0.992695729446992,"Yes"
0.817404202701886,"Yes"
0.978950771967331,"Yes"
0.955650365054786,"Yes"
0.0399732270882702,"No"
0.0251599682648097,"No"
0.98763463367787,"Yes"
0.950762676336462,"Yes"
0.962271313549266,"Yes"
0.057530106121326,"No"
0.0188163884936113,"No"
0.0153517790105565,"No"
0.0514080456225536,"No"
0.892429047869726,"Yes"
0.786173304109866,"Yes"
